segment,material,relief,edge_pinned,offset_um,residual_um,residual_p90_um,rigid_share,coherence,coherence_shuffled,pairs,coherence_reliable,windows,layers,window_px
20230702185753,0.6850,0.7912,0.0729,-13.20,43.20,128.40,0.2340,0.3096,-0.0806,144,1,96,109,128
20230929220926,0.7200,0.7425,0.0625,-32.40,37.20,97.20,0.4655,0.3404,-0.0193,144,1,96,109,128
20231005123336,0.7150,0.8487,0.0208,8.40,62.40,115.20,0.1186,0.2559,0.1027,144,1,96,109,128
20231007101619,0.7050,0.7843,0.0316,4.80,48.00,106.56,0.0909,0.1130,0.1011,142,1,95,109,128
20231012184424,0.7100,0.8938,0.1474,-7.20,43.20,136.80,0.1429,0.4147,0.0188,142,1,95,109,128
20231016151002,0.6800,0.8087,0.0667,-18.00,61.20,118.80,0.2273,0.4267,-0.0598,133,1,90,109,128
20231022170901,0.7100,0.9289,0.0312,-20.40,25.20,93.60,0.4474,0.3255,0.0094,144,1,96,109,128
20231031143852,0.6650,0.8309,0.0312,-18.00,46.80,126.00,0.2778,0.2264,0.0949,144,1,96,109,128
20231106155351,0.7050,0.7937,0.0521,2.40,61.20,120.00,0.0377,0.1958,0.0720,144,1,96,109,128
20231210121321,0.6800,0.8300,0.0625,1.20,50.40,121.20,0.0233,0.4165,0.1120,144,1,96,109,128
20231221180251,0.7200,0.8950,0.0000,7.20,45.60,100.80,0.1364,0.0221,-0.1572,144,1,96,109,128
20260602204401-5753_-7,0.3400,0.7261,0.0220,-19.20,48.00,108.00,0.2857,0.0648,0.0109,134,1,91,109,128
20260602225659-5753_0,0.5350,0.8295,0.0521,-34.80,40.80,103.20,0.4603,-0.0368,-0.0481,144,1,96,109,128
20260602230115-20230702185753_v14,0.6150,0.5177,0.0729,21.60,75.60,136.80,0.2222,0.0595,0.0223,144,1,96,109,128
20260603005223-5753_-1,0.5250,0.8689,0.0889,-1.20,55.20,126.24,0.0213,0.3896,-0.0509,133,1,90,109,128
20260603024952-5753_-2,0.5050,0.8083,0.0538,-7.20,69.60,121.92,0.0938,0.4461,0.0781,138,1,93,109,128
20260603042357-5753_-3,0.5050,0.8012,0.0909,-1.20,36.00,123.36,0.0323,0.3702,0.0096,130,1,88,109,128
20260603145540-5753_-4,0.5050,0.7457,0.0625,-14.40,46.80,115.20,0.2353,0.3017,0.0119,144,1,96,109,128
20260603185441-5753_-6,0.4250,0.7597,0.0217,0.00,56.40,114.96,0.0000,0.3190,-0.0086,137,1,92,109,128
20260603190005-5753_-5,0.4900,0.8042,0.0312,-12.00,21.60,103.20,0.3571,0.1134,0.0467,144,1,96,109,128
20260603193311-5753_-1_copy,0.4200,0.8652,0.0213,4.80,48.00,115.20,0.0909,0.1593,-0.1886,140,1,94,109,128
20260603222816-20231005123336_v2_flatboi,0.7150,0.6100,0.2083,-6.00,97.20,135.60,0.0581,0.2812,0.1026,144,1,96,109,128
20260604223808-20231210121321_v8,0.7200,0.6046,0.1099,4.80,67.20,129.60,0.0667,0.1455,-0.1250,134,1,91,109,128
20260623141135-w046-052_jordi,0.7300,0.8394,0.0312,-56.40,51.60,86.40,0.5222,0.3251,0.0800,144,1,96,109,128
20260623141649-w053-058_jordi,0.7200,0.6348,0.0521,14.40,58.80,126.00,0.1967,0.3639,0.0387,144,1,96,109,128
20260623141924-w010-027,0.7200,0.7029,0.0625,-7.20,58.80,126.00,0.1091,0.2203,-0.0191,144,1,96,109,128
20260623142658-w028-037,0.7250,0.8318,0.0729,-14.40,51.60,115.20,0.2182,0.3394,-0.0970,144,1,96,109,128
20260623143441-w038-045,0.7200,0.9105,0.0222,8.40,45.60,114.00,0.1556,0.2280,-0.0459,133,1,90,109,128
20260623144224-w046-052,0.7300,0.7997,0.0729,3.60,78.00,124.80,0.0441,0.4364,-0.0316,144,1,96,109,128
20260623144957-w053-058,0.7200,0.5976,0.0417,30.00,56.40,127.20,0.3472,0.3158,0.0536,144,1,96,109,128
20260623145652-w059-063,0.7200,0.7561,0.0312,-4.80,44.40,109.20,0.0976,0.3562,-0.1110,144,1,96,109,128
20260623150417-w064-068,0.7250,0.7573,0.0208,3.60,58.80,115.20,0.0577,0.0900,0.0023,144,1,96,109,128
20260623151041-w069-072,0.7250,0.6748,0.1042,14.40,70.80,116.40,0.1690,0.3987,-0.0394,144,1,96,109,128
20260623151729-w073-076,0.7200,0.6379,0.0417,10.80,56.40,110.40,0.1607,0.1709,-0.1754,144,1,96,109,128
20260623152443-w077-080,0.7250,0.7844,0.0938,31.20,48.00,132.00,0.3939,0.3360,0.0931,144,1,96,109,128
20260623153216-w081-084,0.7050,0.5610,0.1146,-34.80,55.20,141.60,0.3867,0.3692,-0.0680,144,1,96,109,128
20260623154006-w085-088,0.6950,0.7982,0.1042,10.80,67.20,123.60,0.1385,0.4949,0.0381,144,1,96,109,128
20260623154617-w089-091,0.7000,0.6536,0.0625,-37.20,49.20,121.20,0.4306,0.1061,-0.1017,144,1,96,109,128
20260623155240-w092-094,0.6850,0.5891,0.0938,15.60,56.40,114.00,0.2167,0.4513,0.0047,144,1,96,109,128
20260623155914-w095-097,0.6700,0.7387,0.0417,31.20,48.00,104.40,0.3939,0.2800,0.1090,144,1,96,109,128
20260623160554-w098-100,0.6500,0.7058,0.0625,-7.20,68.40,124.80,0.0952,0.5008,-0.0679,144,1,96,109,128
20260623161233-w101-103,0.6150,0.7002,0.0938,38.40,67.20,129.60,0.3636,0.6069,-0.0339,144,1,96,109,128
20260623161921-w104-106,0.7850,0.5111,0.6941,-2.40,4.80,7.20,0.3333,0.6422,0.0079,124,1,85,6,128
20260623162614-w107-109,0.5950,0.9199,0.1146,-51.60,58.80,129.60,0.4674,0.1684,0.0063,144,1,96,109,128
20260623163339-w110-112,0.5900,0.6889,0.0938,-19.20,69.60,121.20,0.2162,0.6938,-0.0741,144,1,96,109,128
20260623164141-w113-115,0.5900,0.7238,0.1146,4.80,62.40,124.80,0.0714,0.0807,-0.0763,144,1,96,109,128
20260623164704-w116-117,0.6100,0.6288,0.0521,7.20,69.60,122.40,0.0938,0.3061,-0.0926,144,1,96,109,128
20260623165230-w118-119,0.5950,0.9505,0.0521,8.40,85.20,121.20,0.0897,0.3876,-0.0145,144,1,96,109,128
20260623165742-w120-121,0.5900,0.8127,0.1354,20.40,70.80,109.20,0.2237,0.4355,0.0076,144,1,96,109,128
20260623170305-w122-123,0.5750,0.6064,0.1398,40.80,57.60,120.00,0.4146,0.5260,0.0370,138,1,93,109,128
20260623170833-w124-125,0.5350,0.8376,0.1146,18.00,63.60,115.20,0.2206,0.4314,0.1631,144,1,96,109,128
20260623171400-w126-127,0.3850,0.7178,0.1458,62.40,51.60,133.20,0.5474,0.6595,-0.0298,144,1,96,109,128
20260623171929-w128-129,0.3850,0.5376,0.2632,67.20,62.40,161.28,0.5185,0.2292,0.0019,140,1,95,109,128
20260701183124-w010-027,0.7200,0.8670,0.0729,-25.20,57.60,142.80,0.3043,0.3017,0.1011,144,1,96,109,128
20260701183125-w028-037,0.7200,0.7097,0.0833,24.00,61.20,105.60,0.2817,0.3218,-0.0812,144,1,96,109,128
20260701183126-w038-045,0.7200,0.8559,0.0521,-37.20,33.60,92.40,0.5254,0.3837,-0.0889,144,1,96,109,128
20260701183127-w046-052,0.7200,0.7783,0.1354,-22.80,80.40,117.60,0.2209,0.2008,0.0196,144,1,96,109,128
20260701183128-w053-058,0.7200,0.6162,0.0625,52.80,44.40,141.60,0.5432,0.4052,-0.0780,144,1,96,109,128
20260701183129-w059-063,0.7200,0.9201,0.0208,-1.20,32.40,108.00,0.0357,0.4097,-0.0109,144,1,96,109,128
20260701183130-w064-068,0.7200,0.7994,0.0833,1.20,39.60,122.40,0.0294,0.6205,-0.0253,144,1,96,109,128
20260701183131-w069-072,0.7200,0.7129,0.0312,-4.80,49.20,112.80,0.0889,0.3803,-0.1795,144,1,96,109,128
20260701183132-w073-076,0.6650,0.5192,0.0521,4.80,44.40,114.00,0.0976,0.5402,0.0466,144,1,96,109,128
20260701183133-w077-080,0.6750,0.6944,0.0521,2.40,45.60,120.00,0.0500,0.1997,-0.1044,144,1,96,109,128
20260701183134-w081-084,0.6650,0.5268,0.0208,-4.80,58.80,120.00,0.0755,0.1276,-0.0251,144,1,96,109,128
20260701183135-w085-088,0.6700,0.6923,0.1250,8.40,73.20,136.80,0.1029,0.1083,-0.0084,144,1,96,109,128
20260701183136-w089-091,0.6900,0.6759,0.0312,-18.00,55.20,103.20,0.2459,0.2294,0.1606,144,1,96,109,128
20260701183137-w092-094,0.6900,0.7482,0.0938,8.40,68.40,121.20,0.1094,0.4768,0.0701,144,1,96,109,128
20260701183138-w095-097,0.6800,0.5792,0.0833,-10.80,73.20,127.20,0.1286,0.4151,-0.0235,144,1,96,109,128
20260701183139-w098-100,0.6700,0.7311,0.0938,-22.80,49.20,126.00,0.3167,0.2849,-0.1004,144,1,96,109,128
20260701183140-w101-103,0.6400,0.7419,0.2188,24.00,72.00,126.00,0.2500,0.4206,-0.0648,144,1,96,109,128
20260701183141-w104-106,0.6200,0.9746,0.1250,-48.00,55.20,111.60,0.4651,0.3220,0.0080,144,1,96,109,128
20260701183142-w107-109,0.6100,0.6556,0.1250,51.60,61.20,151.20,0.4574,0.2568,-0.1650,144,1,96,109,128
20260701183143-w110-112,0.6050,0.3733,0.1562,4.80,86.40,124.80,0.0526,0.3980,0.0381,144,1,96,109,128
20260701183144-w113-115,0.6050,0.6313,0.1146,34.80,68.40,111.60,0.3372,0.4630,-0.0722,144,1,96,109,128
20260701183145-w116-117,0.6150,0.7507,0.1146,6.00,78.00,123.60,0.0714,0.4536,-0.0991,144,1,96,109,128
20260701183146-w118-119,0.6200,0.4583,0.1744,73.20,55.20,176.40,0.5701,0.3891,-0.0915,127,1,86,109,128
20260701183147-w120-121,0.5900,0.8280,0.0312,21.60,50.40,108.00,0.3000,0.2954,0.0003,144,1,96,109,128
20260701183148-w122-123,0.5950,0.7767,0.1146,28.80,63.60,126.00,0.3117,0.3045,0.0119,144,1,96,109,128
20260701183149-w124-125,0.5050,0.5364,0.1354,2.40,66.00,127.20,0.0351,0.4730,0.0897,144,1,96,109,128
20260701183150-w126-127,0.4300,0.4905,0.1875,98.40,30.00,163.20,0.7664,0.4026,0.0142,144,1,96,109,128
20260701183151-w128-129,0.4900,0.0400,0.1875,103.20,25.20,129.60,0.8037,0.3142,0.0614,144,1,96,109,128
