segment	grid	triangles	d0	d1	events	verdict
20250917143559-w062_20250917143559205_flatboi	630 x 687	770,094	0	0	0	clean
20250926112011-w078_20250926112011918_flatboi	685 x 625	697,266	14	13	201	NOT
20250926113336-w079_20250926113336891_flatboi	726 x 819	680,582	18	19	158	NOT
20250926114310-w080_20250926114310705_flatboi	624 x 571	540,574	19	20	154	NOT
20250926122938-w082_20250926122938619_flatboi	716 x 576	611,360	43	41	146	NOT
20250926132117-w083_20250926132117595_flatboi	697 x 581	617,284	24	23	172	NOT
20250926145427-w084_20250926145427439_flatboi	483 x 601	402,704	2	2	55	NOT
20250926150345-w086_20250926150345176_flatboi	623 x 485	520,508	1	1	15	NOT
20250926153406-w088_20250926153406704_flatboi	728 x 625	565,668	2	2	78	NOT
20251106133152-w077_20251106133152767_flatboi	797 x 590	659,776	10	11	203	NOT
20251106170358-w076_20251106170358232_flatboi	673 x 608	694,156	21	21	215	NOT
20251107063327-w063_20251107063327215_flatboi	642 x 704	818,112	150	140	10	NOT
20251107110950-w064_20251107110950052_flatboi	671 x 747	914,022	1	1	19	NOT
20251107175958-w061_20251107175958270_flatboi	602 x 634	683,024	118	125	4	NOT
20251109232817-w065_20251109232817724_flatboi	759 x 743	905,768	1	2	10	NOT
20251110110112-w066_20251110110112608_flatboi	837 x 749	902,150	1	2	31	NOT
20251110135146-w085_20251110135146457_flatboi	632 x 484	520,406	4	4	79	NOT
20251110135803-w067_20251110135803677_flatboi	657 x 743	897,510	1	911	22	NOT
20251111010954-w068_20251111010954408_flatboi	654 x 746	896,190	945	1	23	NOT
20251111151836-w069_20251111151836406_flatboi	818 x 873	1,120,346	38	38	203	NOT
20251111210734-w070_20251111210734722_flatboi	646 x 749	886,640	1	1	14	NOT
20251112000002-w087_20251112000002214_flatboi	621 x 481	513,330	419	413	13	NOT
20251112163527-w071_20251112163527854_flatboi	645 x 754	883,926	506	552	21	NOT
20251113021010-w072_20251113021010674_flatboi	638 x 754	876,020	352	395	20	NOT
20251113130119-w073_20251113130119516_flatboi	636 x 757	873,492	315	390	17	NOT
20251113152136-w074_20251113152136889_flatboi	634 x 752	867,270	88	95	12	NOT
20251113204233-w075_20251113204233755_flatboi	629 x 751	860,016	354	336	7	NOT
20251114202035-w081_20251114202035261_flatboi	588 x 571	504,264	5	5	90	NOT
20251115002740-auto_grown_20251115002740308_0_flatboi	555 x 2460	2,504,630	10	10	181	NOT
20251115002741-auto_grown_20251115002740308_1_flatboi	629 x 2815	3,127,998	27	27	654	NOT
20251115002742-auto_grown_20251115002740308_2_flatboi	619 x 2790	3,130,778	47	46	192	NOT
20251115002743-auto_grown_20251115002740308_3_flatboi	648 x 2878	3,308,118	27	27	189	NOT
20251115002744-auto_grown_20251115002740308_4_flatboi	800 x 2927	3,580,474	149	148	664	NOT
20251115002745-auto_grown_20251115002740308_5_flatboi	637 x 3065	3,535,554	117	116	503	NOT
20251115002746-auto_grown_20251115002740308_6_flatboi	558 x 2777	2,588,608	42	42	78	NOT
20251115002747-auto_grown_20251115002740308_7_flatboi	612 x 2817	3,028,226	123	124	241	NOT
20251115002748-auto_grown_20251115002740308_8_flatboi	637 x 1867	2,187,198	34	35	157	NOT
20251203230500-w089_20251203230500465_flatboi	646 x 611	561,752	2	2	79	NOT
20251204060522-w090_20251204060522416_flatboi	643 x 609	562,132	2	2	88	NOT
20251204071911-w091_20251204071911070_flatboi	639 x 608	560,114	2	1	80	NOT
20251204101314-w092_20251204101314959_flatboi	677 x 628	572,660	2	2	93	NOT
20251204192708-w093_20251204192708445_flatboi	753 x 865	589,168	3	2	117	NOT
20251205115859-w094_20251205115859448_flatboi	563 x 520	416,398	4	7	1	NOT
20251206184729-w095_20251206184729906_flatboi	724 x 571	467,178	3	4	67	NOT
20251207123912-w060_20251207123912611_flatboi	550 x 578	569,378	45	38	3	NOT
20251210142414-w059_20251210142414060_flatboi	476 x 660	571,060	401	419	18	NOT
20251210153304-w058_20251210153304503_flatboi	546 x 660	654,542	839	771	16	NOT
20251210160810-w057_20251210160810301_flatboi	544 x 651	643,324	739	688	14	NOT
20251211095724-w056_20251211095724922_flatboi	533 x 645	631,256	720	704	12	NOT
20251211111451-w055_20251211111451620_flatboi	537 x 635	617,814	1	1	6	NOT
20251211135303-w054_20251211135303394_flatboi	530 x 626	601,924	497	509	12	NOT
20251211152543-w053_20251211152543204_flatboi	530 x 617	589,734	164	165	14	NOT
20251212105627-w052_20251212105627148_flatboi	529 x 610	578,996	174	202	9	NOT
DONE
