id	campagne	prix	texte
R1-P01	R1	First Letters	**La mesure qui manque au second papier** : scorer la case vide au régime du prix contre les étiquettes du témoin de production, sur `0500P2`, avec le recalage affine de `75` §C1 (Dice 0,971) et la tuile de **66 px** (pas 256) que ce pas exige (`72` §3). ⚠ La sortie déclarée de `C` : si l'AUC native à 9,362 ne se sépare pas de 0,5 avec 40 tuiles, la règle ne lit pas à ce régime, et on juge par la typographie (`45`) et le juge vierge (`09`).
R1-P02	R1	First Letters	Le juge de `09` sur `data/jeu_du_juge/` (18 tuiles, consigne, clé à part) : **un acte humain**, pas une tâche de code — la session qui a rendu les cartes est disqualifiée.
R1-P03	R1	First Letters	Un troisième témoin négatif (`leur_graine.sh`, `GRAINE=""`) pour que p = 0,0399 ne tienne plus à une fenêtre (`46` §3 ter) ; et la question que le nul verso laisse : le signe de AUC − 0,5 suit `contraste_face − contraste_vide` (3/3) — mécanisme ou tirage (`75` §C2).
R1-P04	R1	First Letters	Ce qu'il y a dans les bandes 8704–9728 de Scroll 1 : faux positifs, matière encrée non scripturale, ou feuille voisine — jamais tranché (`10` §3 bis, `09` §10).
R1-P05	R1	First Letters	Le transport de calibration (`45` §7) : 23 tuiles ne suffisent pas ; plus de surface rendue, pas une meilleure maille (`65` §2).
R1-P06	R1	First Letters	Un modèle spécifique au rouleau, ou de l'encre visible sans modèle : ni l'un ni l'autre exploré.
R1-P07	R1	Titre de Paris 4	Une surface en travers de **Scroll 1** — où le modèle marche — pour la thèse forte du témoin négatif (`46` §7). Le dépôt a la surface sur `1447` où le modèle est inerte, et rien sur Paris4.
R1-P08	R1	Titre de Paris 4	La région du titre elle-même, à 2,4 µm, avec le juge et le témoin.
R1-P09	R1	Grand Prize — la règle qui valide	Si `Frag1` était dans l'entraînement du modèle (`63` §3) : invérifiable depuis les métadonnées, **décidable par la mesure** en scorant les deux segments de Scroll 1 (`72` §4).
R1-P10	R1	Grand Prize — la règle qui valide	Le fold du modèle GP (`66` §3) : tant qu'il n'est pas fait, tout résultat d'encre porte une réserve.
R1-P11	R1	Grand Prize — la règle qui valide	Le lien σ ↔ qualité sur le rouleau à 8,64 µm (le test de `65` porte sur des fragments à 3,24).
R1-P12	R1	Progress Prizes	La table de qualité de toutes les traces publiées (`22` Q3) : l'outil existe, elle n'est publiée que pour `PHerc1447`.
R1-P13	R1	Progress Prizes	Le recalage rigide 3D des fragments étiquetés (`Frag1`–`3`) pour comparer la même surface aux deux énergies avec étiquettes (`58` §8 quater) — un lot à soi, avec sa propre source d'erreur.
R1-P14	R1	Progress Prizes	Réécrire `21` depuis R1, R3 et `PRIX.md` : chaque chiffre est recalculable par `src/depot/verifier_chiffres.py --soumission`.
R2-P01	R2	Progress Prizes	Les 34 traces éligibles de Scroll 1 sous le tirage apparié (10 mesurées, `07` §12) ; et `--population` à plusieurs graines sur les 46 pour trancher si le classement se dégrade (`07` §10 : deux hypothèses mortes, la troisième est un instrument).
R2-P02	R2	Progress Prizes	Régénérer `sweep_PHerc0139*`, `sweep_0139_*`, `sweep_s1_pas` pour qu'ils déclarent leur échelle (`75` D1 restant).
R2-P03	R2	Progress Prizes	La ligne par segment de `04` (30/22, −0,011) : une quantité sans code dans l'arbre.
R2-P04	R2	Progress Prizes	La fréquence du verdict muet de `vc_tifxyz_selfcross` en pratique, et le pas de maillage au-delà duquel un compte de croisements n'est plus comparable (`34` §6).
R2-P05	R2	Progress Prizes	Ce que la queue de la métrique attrape sur une trace sans croisement (facteur 18 entre les 7 saines, `07` §5) : approches légitimes ou bruit.
R2-P06	R2	Grand Prize	Ce que sont les 4 candidats de `11` §7 : soudure, déchirure ou vide — regarder à 2,4 µm est impossible (`0172` ne publie que 7,91 µm, `18` M3) ; l'instrument volumétrique de `75` §C (`la_nappe_en_obj.py`, `lpl-scrollwalk`) répond à « posée sur de la matière », pas à la forme.
R2-P07	R2	Grand Prize	Pourquoi le rayon varie si le nombre de spires est fixe : écrasement (1,26–1,57) et perte de matière jouent tous deux (`06` §2.4bis).
R2-P08	R2	Grand Prize	Le lien entre la migration d'un site (1,50 mm/mm) et l'axe courbe de Paris4 (`90`, R4) : même géométrie, deux rouleaux.
R2-P09	R2	Grand Prize	Le lecteur du champ `lasagna` (`17`) : écrit, contrôlé, sans idée qui l'emploie.
R3-P01	R3	Grand Prize	La cause du tirage (`30`) : non identifiée ; la prédiction distante changée n'est pas écartée proprement. `VC_GROWPATCH_RNG_SEED` + `thread_limit 1` rend l'extension reproductible (`44`) ; le même contrôle sur la trace initiale reste à faire.
R3-P02	R3	Grand Prize	`neighbor_max_distance` et `min_clearance` de `gen_neighbor` (`43`) : jamais balayés.
R3-P03	R3	Grand Prize	La validation par l'encre de la chaîne radiale (`43`) : six tours convergents, aucun rendu jugé.
R3-P04	R3	Grand Prize	La chaîne tangentielle : combien lisser, le critère d'arrêt, la loi de glissement à plus de cinq maillons et sur un second rouleau (`44`) ; la « feuille voisine » à 250 µm n'est jamais atteinte.
R3-P05	R3	Grand Prize	Le raccrochage sur les piles publiées : 5,9 µm manquants (`55`) ; les résidus du champ d'orientation sous Nyquist (64 vx = 3,89 écarts).
R3-P06	R3	Grand Prize	Le seam : `--rewind-gen` demande une génération et le juge porte sur une trace entière (`39`) ; un juge par génération n'existe pas.
R3-P07	R3	Progress Prizes	Le relief au niveau 2 contre le niveau 0 (`55`, bloqué) ; les 9 piles illisibles de `54`.
R3-P08	R3	Progress Prizes	`score_de_lignes` (`40`) : publié, pas utilisable (37/44 élisent l'axe vertical).
R3-P09	R3	Progress Prizes	La coupure de `depth_profile` : la première batterie (14 témoins) est à compléter sur les piles publiées.
R3-P10	R3	Progress Prizes	Une puissance de 80 % sur la carte des treize demande 50 fenêtres par rouleau (`33`) : la campagne dense en a 57–115 mais l'IC reste creux — la carte n'est pas un instrument de choix.
R3-P11	R3	First Letters	Le d′ et l'écart entre résolutions (`16`) ne se comparent pas ; un instrument commun aux résolutions du corpus n'existe pas.
R3-P12	R3	First Letters	`PHerc0172` a 92 % de lisibilité et pas de `representations/` : l'expérience aval qui l'utiliserait attend une prédiction (`48`).
R4-P01	R4	Grand Prize — le graal	**`113`** (en cours) : la portée non censurée à 20 pas ; le registre et le taux de confirmation par profondeur. C'est la course en profondeur que `110` §9 demandait pour trancher biais / jitter.
R4-P02	R4	Grand Prize — le graal	La politique « confirmer sur une fenêtre de 2 pas ou plus » (`112` §7) : chiffrée, à courir.
R4-P03	R4	Grand Prize — le graal	La course qui déciderait `108` (48 trajets par sélecteur, 672 étapes, 7–10 h) — dont le sens a changé après `111` : ce qu'elle trancherait est la netteté de la périodicité, plus une partition.
R4-P04	R4	Grand Prize — le graal	L'anomalie de `100`/`106` : le même pas dans deux directions à 34°, qu'un empilement parallèle interdit ; et la cause de l'obliquité (écrasement, cône, traçage).
R4-P05	R4	Grand Prize — le graal	L'écart 164 / 182,4 µm entre transferts humains et atlas, et ce que la matière montre à 346 µm.
R4-P06	R4	Grand Prize — le graal	La 3D : un « bout » est la bordure d'une nappe, la conservation de matière un flot aux jonctions (`114` §7, question de l'auteur du 11 septembre). Aucune mesure encore.
R4-P07	R4	Grand Prize — le graal	L'objet : `0500P2` plafonne à 13 spires publiées ; trois objets portent les 31 (`81` §6). La décision et ses coûts (voxel, pas, demi-feuille à re-dériver) sont à l'auteur.
R4-P08	R4	Grand Prize — le graal	Le **critère d'arrêt** du raccrochage, observable sans cible : la rugosité de son propre champ croît 0,34 → 2,01 sur cinq bras ; il reste à vérifier qu'elle **prédit** l'échec plutôt que de l'accompagner (`75` §C l. 6729). Et la confiance par cellule (pli + obscurité, en rang, `ou`) : livrable comme carte de doute, ne rend pas un marcheur juste (l. 6380).
R4-P09	R4	Grand Prize — le graal	« Combien lisser » demande des ancres dont la marche soit **vivante** : le corpus n'en offre qu'une (l. 6665) ; sur `PHercParis4` (120 spires) la question se repose.
R4-P10	R4	Grand Prize — le graal	Le plancher de direction (18,2 µm, la moitié du coût d'un pas) : ni la rotation d'ensemble ni un champ lisse ne l'atteignent (l. 3137–3313) ; ce qui le rendrait est une direction par cellule qui ne soit pas un balayage de cône.
R4-P11	R4	Grand Prize — le référent	A2 bis : un nombre d'enroulement sans référent. Les fibres publiées ne comptent pas des feuilles (période 307–441 µm = 2–3 pas) ; sortie : le niveau 0 chez le producteur (`output_channels = 7`) ou un autre champ (`75` A2 bis).
R4-P12	R4	Grand Prize — le référent	A2 ter : les résidus sur des grilles à pas 8 (Nyquist) — `vc_gen_normalgrids` depuis le volume, ×512 le volume publié (`75` A2 ter).
R4-P13	R4	Grand Prize — le référent	La cause du trou angulaire de `0172` : déchirure, perte, collage (`77` §8, `75` A′).
R4-P14	R4	Grand Prize — le référent	Le masque d'approbation : ce que la ré-optimisation de `villa` en tire ; aucun `approval.tif` peint n'est publié, donc « le calculé vaut-il l'humain » n'est pas montable (`75` A3).
R4-P15	R4	Grand Prize — le référent	A6 : la ROC de α et d (101 positifs, 101 demi-pas) — exige le volume. B2 : « no threshold » non tranchable sans positif indépendant (`77` §11).
R4-P16	R4	Grand Prize — le référent	Les portées censurées et le mur du corpus (`82`, `83`) ; les treize rouleaux sans rang (`81`).
R4-P17	R4	Grand Prize — le référent	Le référent d'identité et ses défauts mesurés contre lui-même (`76` §4, `77` §3, `97`).
R4-P18	R4	Grand Prize — le référent	Le *rollout drift* mesuré : bande d'acceptation, biais du sélecteur, falaise instrumentale (`104`, `105`, `111`) — l'annexe A des *Open Problems* le nomme sans le chiffrer.
R4-P19	R4	Grand Prize — le référent	Les outils : lecture par plage HTTP des volumes (`voxel_distant`, `couches_distantes`), `le_sens_des_indices`, `les_spires_consecutives_publiees`.
R5-P01	R5	Progress Prizes	Les **67 modules** dont la batterie n'atteint pas le nombre publié (`80`) : l'ordre suit la mesure — `mesurer` d'abord (13), puis `dessiner` (10) ; par densité, `graine` (9/10) et `encre` (23/32).
R5-P02	R5	Progress Prizes	Les **53 chiffres sans record** (`57`) : les rétablir demande de **rejouer** les mesures, jamais d'écrire un JSON après coup — ce serait l'adossement circulaire.
R5-P03	R5	Progress Prizes	La **dette de provenance** : 1111 artefacts devinés, dont 675 sur douze caractères ou moins (`89`). Chaque chaîne écrite en déplace vers le barreau observé ; les 21 artefacts produits par un `.sh` de `campagnes/` et les 588 JSON versionnés hors de `docs/mesures/` sont hors périmètre.
R5-P04	R5	Progress Prizes	Le **raccourci de rendu** (`56` A) est câblé et sondé, **jamais exercé sur un vrai rendu** : la première campagne de convergence sera la mesure, et elle vaut 3 rendus évités sur 4.
R5-P05	R5	Progress Prizes	Les **batteries en shell ne sont pas jugées** (`61` §4) ; le lanceur en compte quelques-unes.
R5-P06	R5	Progress Prizes	`valider_blocs.py` attend **un maillage assez petit** pour que les deux méthodes passent (`56` C) : tant qu'il n'y en a pas, son 0,00025 est une valeur de bloc et pas une validation.
R5-P07	R5	Progress Prizes	Le **palier release** (`56` C) : le piège du skill — *le palier que personne ne construit pourrit* — est traité pour `lplv`, pas vérifié pour le reste.
R5-P08	R5	Grand Prize	La cause de la purge qui a effacé 197 fichiers sur 197 (`56` D) : le plafond la rend inoffensive, le mécanisme reste inconnu.
R5-P09	R5	Grand Prize	Les **9 scripts cités dans un document sans leur commande** et les 15 non classés (`75` D3) : même défaut que les huit déjà réparées.
R5-P10	R5	Grand Prize	La réserve (b) de P1 bis (`75` D2) : 1/12 et 9/12 sur n = 12 portent des intervalles larges.
R6-P01	R6	Tous les prix — ne pas redécouvrir	**Lire et citer les lauréats** : W. Stevens (déroulage par patches, août 2026), B. Hamm (labels plus proches de la vraie surface), D. Russo (14 checkpoints à 9 µm), pscamillo (profondeur du modèle 9 µm), Miller & Müller (First Letters sur `0826`, échecs publiés) — aucun n'est dans `tools/repos.tsv` ni cité (`PRIX.md` §4).
R6-P02	R6	Tous les prix — ne pas redécouvrir	**Cloner `vesuvius-repro` (TAUIL)** et récupérer le PDF OverthINKingSegmenter (`66` §5).
R6-P03	R6	Tous les prix — ne pas redécouvrir	**Le voisin conceptuel non lu** : l'assignation de *winding angle* de ThaumatoAnakalyptor — est-ce déjà un dépliage à résidus ? (`69` §7).
R6-P04	R6	Tous les prix — ne pas redécouvrir	**Miroiter le Discord et les discussions Kaggle 2023** (`66` §5).
R6-P05	R6	Tous les prix — ne pas redécouvrir	**Le fold du modèle du Grand Prize** : mesurer sur les deux segments candidats (`66` §3).
R6-P06	R6	Tous les prix — ne pas redécouvrir	**EduceLab v4** (mai 2024) non lue ; la « contre-position pavage » non retrouvée (`71` §4).
R6-P07	R6	Tous les prix — ne pas redécouvrir	**La littérature académique** : Obuchowski 1997 (ROC groupées), analyse de documents, hallucination des modèles vision-langage (`66` §5) ; les emprunts de `69` §5 (InSAR, Wu & Zhong, Li et al. 2006) restent des références nommées, aucune n'a été mise en œuvre.
R6-P08	R6	Tous les prix — ne pas redécouvrir	**Le second papier** (encre et régime de scan : `08`, `10`, `58`, `59`, `68` §3–4) et **la note courte des négatifs** (`17`, `26`, `36`, `37`, `62`) — `70` §3.
R6-P09	R6	Tous les prix — ne pas redécouvrir	**Le niveau 2 de `espacement_spires.py`** contredit par `winding-ruler` (−10,3 %) : outil vivant, à repasser au niveau 1 (`67` §4, `70` §4).
R4-P20	R4	Grand Prize — le graal	**Ce qui mesurerait la portée des marches qui LISENT.** `116` a rendu la moitié de la réponse : s'arrêter au premier pas aveugle arrête 11 marches sur 28 pour une raison (médiane 579,5 µm). Les **17 autres touchent encore le plafond de vingt pas** et restent une borne inférieure — sur matière lisible, rien n'arrête toujours une marche. Il faut donc soit un plafond assez haut pour qu'une de ces 17 s'arrête, soit l'acceptation que rien ne l'arrête dans ce volume, auquel cas ce n'est pas la portée qui borne le déroulement.
R4-P21	R4	Grand Prize — le graal	**RÉPONDUE, et sa prémisse est tombée.** Elle demandait ce qui fait chuter le taux au grand rayon (`113`, rho −0,719). `115` mesure qu'il ne chute pas : la corrélation était portée par les marches qui ne lisent rien, et sur les 17 qui ont lu le rho tombe à −0,1904 (p 0,4642). `R4-F34` est passé à **rétracté** en conséquence, et `118` a montré que le vide n'est même pas une frontière radiale. Ce qui reste de la question a déménagé dans `R4-P22` (d'où vient le vide). ⚠ La ligne est gardée plutôt que retirée parce que `archive/115` §1 y renvoie, et l'archive ne se corrige pas.
R4-P22	R4	Grand Prize — le graal	**Le vide est-il le rouleau ou le lecteur ?** `115` mesure que 178 pas sur 560 ne lisent rien ; `116` **réfute la frontière radiale** (8 plages contre 2, p 0,0095) — donc ce n'est pas simplement « l'extérieur n'a plus de matière ». Restent deux causes qui prédisent toutes deux des plaques : la matière extérieure est elle-même en morceaux, ou des blocs manquent au chargement (la panne de `41` §6bis). Les séparer demande d'interroger le volume aux positions de départ, donc une lecture distante.
R4-P23	R4	Grand Prize — le graal	**FERMÉE par `120`.** Le drapeau `oriente` exige désormais une planarité strictement positive, et le pas porte un champ `rien_lu` écrit à la source. La garde existait déjà — `planarite` détecte le tenseur nul et sa batterie assertait que « seule la planarité peut l'écarter » — elle n'avait simplement aucun appelant (`R5-F21`). ⚠ Ce qui reste et qui n'est PAS cette porte : faire du premier pas aveugle une règle d'ARRÊT, ce qui change ce que toute marche mesure et relève de `R4-P20`.
R4-P24	R4	Grand Prize — le graal	**Une fenêtre centrée LOCALEMENT récupère-t-elle les 63 pas ?** `117` mesure que 63 pas voyants sur 382 sont refusés parce que l'optimum de longueur tombe au bord de la fenêtre [0,5 ; 2,0] × 173,0 µm. `118` répond à la moitié de la question : **les deux bouts sont de vrais pas** (espacement déduit 80,7 µm au bout court, 380,2 au bout long), et la variation **n'est pas radiale** (rho +0,2895, p 0,2293), donc un pas fonction du rayon ne suffirait pas. Reste à savoir si une fenêtre centrée sur l'espacement mesuré à l'endroit du pas les récupère, et si la borne supérieure de 0,9122 devient une mesure. C'est une re-course, donc des lectures distantes.
