doc	ancre	etat	raison
HANDOFF.md	REPRENDRE ICI — 2026-08-20, fin de journée	recit	Titre de section d'un récit daté, pas une tâche — et le pointeur « reprendre ici » est de toute façon dépassé par trois sections plus récentes placées au-dessus (« REPRISE — état au 2026-08-23 », « REPRISE — état au 2026-08-25 », « REPRISE — état au 2026-08-25 (soir) »).
HANDOFF.md	**CAMPAGNES** (détachées) :	ouverte	Aucune des deux campagnes n'a livré ce qu'elle annonçait : `data/leviers/` ne contient que `temoin/` (pas de cellule sdt1/sdt10/sdt10_fibres_hv) et `docs/00_carnet_de_bord.md` écrit toujours « ⚠ Hypothèse, pas conclusion — src/outils/leviers_de_perte.sh la mesure » ; côté piste C seuls 3 des 17 essais ont un verdict (`docs/mesures/convergence_essai_{b,ng2,scale1}.json`), et la table « Les deux pis
HANDOFF.md	**`src/campagnes/campagne_pas.sh`** — le balayage de	faite	`docs/26_le_champ_de_direction.md` §9 « T1f — le balayage complet, deux graines et deux tirages » publie tout le balayage {5,10,15,20,30,40} sur les deux graines — y compris `pas 5` que HANDOFF disait encore en cours (« 20,42 cm² / 16 426 » et « 9,49 cm² / 7 304 ») — et en tire la règle « `step_size` ≥ 20 ».
HANDOFF.md	CE QUI RESTE — et le prochain lot n'est plus une mesure	recit	Titre de la section n° 7 qui chapeaute un tableau de tâches ; le sablier y est décoratif, les tâches réellement pendantes portent leur propre marqueur (T4, ligne 1967).
HANDOFF.md	finir et envoyer la soumission Progress Prize	ouverte	Rien ne prouve l'envoi et tout prouve le contraire : HANDOFF §« Où en est le dépôt » décrit encore `MasterLaplace/LplVesuvius`, **privé**, `git tag -l` ne rend que `v0.1.0-progress` alors que la commande de publication vise `v0.1.1-progress`, donc « publier le dépôt et joindre les figures » reste à faire.
HANDOFF.md	chaîne à pas de 50 (quatre pas cumulatifs)	faite	répondu, négativement : docs/44:1535 porte la ligne mesurée « 100 | en deux fois 50 | 20,06 cm² | 0 | +1,806 (pire) », et 44:1537 conclut « découper 100 en deux nuit gravement ». Le résultat est câblé en garde dans src/outils/etendre_nappe.sh:317. ⚠ Le sceptique avait réfuté la RAISON avancée, pas le verdict — ma règle d'automatisation a confondu les deux.
HANDOFF.md	CE QUI TOURNE, et quoi en faire	faite	La campagne annoncée (le 2×2 répété de `PHercParis4`, `tracer_prediction_paris4`) est close dans la section immédiatement suivante — « ### ✅ TERMINÉ le 2026-08-22 au soir — 16 cellules, quatre tirages chacune », avec ses médianes +1,05 / +0,99 et ses 8 indécidables — et par les commits `905972d` « Le 2x2 tranche : ce n'est pas la prediction, c'est l'endroit » et `1d0a479` (2026-08-22).
docs/00_etat_de_lart.md	et montrer le gain — le vrai « produire »	ouverte	Le gain n'a jamais été montré : `42` (2026-08-21) a appliqué une correction en conception appariée et mesuré l'INVERSE d'un gain — « α reste à 1 » (témoin +0,98 → corrigé +1,03) avec les auto-intersections passant de 0 à 11 753 — et `31` §5 nomme toujours le reste (« le gauchissement difféomorphe reste pour la correction de forme ») pendant que son §9 dit que « corriger sert-il à quelque chose » n
docs/00_etat_de_lart.md	§4 écrivait que c'était hors de portée	ouverte	réfuté — Verdict refute : le marqueur reste OUVERT. Trois refutations independantes, toutes verifiees dans les fichiers.
docs/07_reparee_nest_pas_propre.md	**À rejouer en enregistrant la résolution**	ouverte	Rien n'a été rejoué : `src/excision/baseline_sweep.py` construit `record = {label, cells, measured, variants}` puis `contamination`, sans jamais le zarr ni `voxel_um`, et `docs/mesures/sweep_PHerc1667.jsonl` porte encore exactement ces clés — l'alternative « 18 voxels bruts (43 µm) ou rayon physique (58 vx à 2,399 µm) » reste donc entière, et le +0,579 non vérifiable continue d'être cité tel quel 
docs/14_direction_des_fibres.md	À rejouer en enregistrant la liste des segments	faite	L'artefact porte DÉJÀ ce qui est demandé : `docs/mesures/fibres_scroll1.json` est une liste de 12 entrées portant chacune `segment` et `zarr`, `docs/mesures/croisement_fibres.json` enregistre `"n": 12` sur ce fichier pour les huit grandeurs, et les 12 segments sont tous des clés de `data/repos/windcheck/results/index.json` (appariement exact, `croiser_instruments.py`:64) — donc n = 12 est le bon c
docs/15_soumission_progress_prize.md	Ce qui manque pour soumettre	recit	Le sablier est porte par un titre de section (« ## 5. ⏳ Ce qui manque pour soumettre ») et non par une tache : les six points de la section portent leurs propres marqueurs (4 et 6 en ⚠) et l'envoi lui-meme est trace ailleurs (HANDOFF.md:1967 T4, doc 29:124).
docs/16_carte_difficulte_rouleaux_du_prix.md	À corriger dans le script plutôt qu'ici	ouverte	Le script n'a pas été corrigé : `src/nappe/espacement_spires.py` ne construit toujours que `report = {zarr, level, voxel_um, binaire, seuils, par_rayon}` et n'imprime `len(blocks)` / `len(picks)` qu'à l'écran (ligne 135), tandis que `docs/carte_difficulte/*.json` porte encore exactement `['binaire','level','seuils','voxel_um','zarr']` — sans même `par_rayon`, donc jamais regénéré depuis ; et `33` 
docs/19_ecarter_avant_de_payer.md	document ne le dit nulle part.	ouverte	Le commit a6867ca (2026-08-20 01:31) a AJOUTE ce signalement sans le resoudre (« Signale, avec l'outil qui donne les comptes reels par artefact ») ; doc 12 §13 ne demele que 50 contre 72, jamais le 36, qui subsiste tel quel aux lignes 13, 22 et 159 face au 72 des lignes 202 et 281, et les seuls commits ulterieurs sur ce fichier (31bea1f, 79fba93, a5901be) ne font que reecrire des chemins.
docs/22_batch_repliquer.md	| Q3 | publier la table |	ouverte	Aucune table n'a ete publiee : doc 27 §4 la liste encore comme reste nº3 (« publier la table de qualite de trace, et le depot | `22` Q3, `15` §5, `21` »), la soumission n'est pas envoyee (HANDOFF.md:1967 « T4 | finir et envoyer la soumission Progress Prize | ⏳ »), et le seul balayage `--all --csv` du depot (docs/mesures/balayage_scroll1.csv) sert la calibration de doc 52, pas une publication.
docs/22_batch_repliquer.md	| R2 | exporter le champ en coordonnées de fenêtre |	ouverte	Toujours ouverte dans deux documents posterieurs et dans l'outil : doc 29 §2 « ⏳ Reste : exporter le champ en coordonnees de fenetre (`22` R2) », doc 27 §4 reste nº1, HANDOFF.md:1968 porte R2 avec une colonne de blocage vide, et src/nappe/champ_correction.py n'expose aucune option d'export en coordonnees de fenetre.
docs/22_batch_repliquer.md	*publier la table*, et **R2**	recit	Meme phrase de cloture datee du 2026-08-19 : le sablier y cite l'entree R2 du tableau ci-dessus, dont la ligne 74 porte la tache reelle, jugee ouverte.
docs/24_premiere_trace_rouleau_du_prix.md	le seul paramètre dont on ait mesuré qu'il déplace la trajectoire	faite	Le balayage annoncé « en cours » a rendu : `26` §9 « T1f — le balayage complet, deux graines et deux tirages », daté 2026-08-19, « Balayage {5, 10, 15, 20, 30, 40} sur PHerc0358, **deux graines** », qui conclut « **Règle utilisable : `step_size` ≥ 20** » et « ⚠⚠ **Et ça inverse l'hypothèse de `24` §4** » ; enregistré comme « ✅ **fait** » en `29` §6 ligne M1.
docs/25_une_graine_choisie_sur_la_planeite.md	Le critère du tiers central mérite donc d'être	faite	La reconsidération demandée a été faite le 2026-08-22 par docs/47_le_critere_doit_etre_relatif.md, et le registre docs/29_ce_qui_reste.md §N4 la stampe : « ~~choisir une référence défendable~~ ✅ fait le 2026-08-22 → 47, et la réponse est que la question se dissout » — doc 47 §5 mesure que « aucune référence n'est défendable — pas parce qu'on n'a pas trouvé la bonne, mais parce que la grandeur comp
docs/27_ce_que_la_litterature_dit.md	un GAUCHISSEMENT — et montrer le gain	recit	Le sablier y est cité comme un nom dans une phrase — « C'est le dernier ⏳ du « vrai produire » » — pour désigner le marqueur de `00` §9.4, et non pour marquer l'état de sa propre ligne : l'ouverture de la ligne est portée par le tableau qui l'entoure (« Reste ouvert, dans l'ordre de valeur »), et la tâche elle-même est déjà enregistrée comme ouverte à `00`:383, qu'un second verdict compterait deux
docs/29_ce_qui_reste.md	Reste : le construire, ce qui demande des traces	faite	Le critère auto-référentiel a été construit le 2026-08-23 (commit 71832d5 « feat(critere): the test a candidate criterion must pass ») : `src/graine/critere_relatif.py` définit β = log(C₁/C₀)/log(n₁/n₀) « lu comme α » avec 23 témoins, `HANDOFF`:808 l'enregistre (« Le critère auto-référentiel a sa définition »), et il est appliqué au matériel réel dans `docs/mesures/critere_relatif.json` (132 série
docs/29_ce_qui_reste.md	**l'adresse n'existe pas encore**	ouverte	Toujours vrai, et re-mesuré depuis : `56` §« permalien.py » écrit « ⚠⚠ Et un fait mesuré qui borne ce que le lien promet : ce dépôt est PRIVÉ. Sa racine GitHub rend 404 sans session » (2026-08-25, repris dans `src/depot/permalien.py`), et la ligne 1 du tableau « Ce qu'il reste à faire avant d'envoyer » de `21`:504 n'est pas barrée.
docs/29_ce_qui_reste.md	règle posée, à exécuter	ouverte	La règle est devenue une commande (`21` ligne 2 barrée : « ✅ c'est une commande maintenant — `src/depot/verifier_chiffres.py` recalcule 220 chiffres »), mais l'acte qu'elle nomme — revérifier **le jour de l'envoi** — n'a pas eu lieu puisque la soumission n'est pas partie.
docs/29_ce_qui_reste.md	le texte existe, les figures sont à joindre	ouverte	La soumission n'a pas été envoyée ; `HANDOFF` T4 la porte encore en ⏳ (« finir et envoyer la soumission Progress Prize ») et `21`:504 garde ouvertes la publication du dépôt et la décision de forme, l'échéance du 31 août 2026 n'étant pas passée.
docs/29_ce_qui_reste.md	La cause n'est pas isolée : résolution, rouleau	ouverte	Aucune mesure postérieure n'isole la cause, et `46` §7 (2026-08-22) la redit telle quelle : « Laquelle des causes joue — la résolution, ce rouleau-ci, ou un papyrus réellement muet — reste ouverte, comme `36` le disait déjà ».
docs/29_ce_qui_reste.md	Reste : le transport vers une région sans vérité	ouverte	`45` §6 « Ce qui reste ouvert » le porte encore explicitement : « ⏳ Le transport vers une région sans vérité n'est pas encore fait […] demande les deux régions d'un **même** objet », et aucun document postérieur (46 à 56) ne le reprend.
docs/29_ce_qui_reste.md	Reste : la thèse forte, qui demande un rendu	ouverte	`46` §7 le laisse ouvert (« pas de trace à α élevé sur Scroll 1, où il marche. Ce n'est pas un obstacle de méthode, c'est un rendu à produire ») ; le seul témoin négatif mesuré reste `docs/mesures/temoin_negatif.json` du 2026-08-22 sur PHerc1447, et si `51` §5 fournit depuis une trace à α = +1,12 sur PHercParis4, aucune campagne de témoin négatif n'y a été relancée.
docs/29_ce_qui_reste.md	du « vrai produire », nommé dans cinq	recit	Le sablier n'est pas une tâche ici : c'est le caractère cité dans une phrase de prose qui compte les sabliers (« Le seul ⏳ du "vrai produire", nommé dans cinq documents »), sous le titre de section « 2. Appliquer la correction, et montrer le gain » ; la tâche réelle est la ligne 81.
docs/29_ce_qui_reste.md	Reste : **exporter le champ en coordonnées de fenêtre**	ouverte	R2 est toujours marqué ⏳ dans son propre document (`22`:74 « exporter le champ en coordonnées de fenêtre | ⏳ ») et reste listé sans état dans `HANDOFF` §7:1968 ; `42` a bien appliqué une correction et rendu les deux versions, mais par une autre voie (points de nappe de `suivre_nappe.py`, pas le champ de `20`), et le gain n'est pas montré — « aucune variante ne s'approche de +0,00 ».
docs/36_lorigine_de_la_pile.md	Le critère mérite donc d'être reconsidéré	faite	Ce marqueur EST l'item N4 du registre : docs/29_ce_qui_reste.md ligne 114 cite « `36` §4 » en colonne source et porte « ~~choisir une référence défendable~~ ✅ fait le 2026-08-22 → 47 ». docs/47_le_critere_doit_etre_relatif.md s'ouvre en le nommant (« 29 N4 demandait de choisir une référence défendable pour le critère du tiers central, après que 36 eut montré qu'un segment officiel n'en est pas une
docs/43_la_chaine_des_spires.md	le sens `in`** : les deux chaînes tournent en	faite	La campagne a tourné jusqu'au 7e tour et a été mesurée dans le MÊME document, §6bis « Le sens `in` : ni meilleur, ni pire — et c'est la découverte » : table des sept α (00 +0,000 / 02 +0,686 / 05 +0,000 / 06 +0,257) puis le test de dérive (ρ=+0,299, p=0,344). Preuve datée : la ligne du registre est posée par 856649c (2026-08-21, « le sens in lancé ») et §6bis par 7a8eb54 une heure plus tard (« le 
docs/44_ou_la_chaine_se_trouve.md	Le budget d'extension scale, et l'outil sait maintenant	faite	La section finit par « Reste à savoir si α survit — c'est ce que le balayage en cours mesure » et la section IMMÉDIATEMENT suivante répond : « ⚠⚠ Et le gros budget NE tient pas — la réponse est nette », table 100 / 200 / 400 (0, 25 036 et 168 104 auto-intersections ; α +0,000 puis +1,313). Commit 32af3ab (pose le ⏳) puis ab2b78c le même jour (2026-08-22).
docs/44_ou_la_chaine_se_trouve.md	La question qui reste est celle du **pas** : 100 par	faite	La « chaîne à pas de 50 lancée » est revenue et l'hypothèse est réfutée : §« ⚠⚠ Découper aide OU nuit — et ce qui décide n'est pas la taille du pas » porte la ligne « 100 | en deux fois 50 | 20,06 cm² | 0 | +1,806 (pire) | 20 % », et conclut « Découper 200 en deux aide ; découper 100 en deux nuit gravement. La taille du pas ne peut donc pas être la règle. » Commit 62a0da5 (pose le ⏳) puis 921ab33,
docs/44_ou_la_chaine_se_trouve.md	*en cours* |	faite	La même ligne de table, complétée, se trouve 176 lignes PLUS HAUT dans le même document (ligne 1339, §« ⭐⭐⭐ LE CYCLE SE REFERME ») : « | **3** | **rognée à gen ≤ 10, 6,02 cm²** | **0 %** | **8,13 cm²** | ⭐ **+0,000** | 4 % ». Le commit 49e0706 (2026-08-22, « LE CYCLE SE REFERME ») a inséré la table finie au-dessus de la table en attente posée par 840874d, sans toucher cette dernière. ⚠ Ancre court
docs/44_ou_la_chaine_se_trouve.md	~~Le seul essai qui reste à faire de cette famille	faite	Le « jugement lancé » sur le rognage plus profond est rendu, dans le même document, §« ⭐⭐⭐ LE CYCLE SE REFERME » : « L'extension depuis la nappe rognée à 0 % rend α = +0,000, converge », d'où « Ce qui prédit le succès d'une extension est la propreté de la périphérie de sa source ». L'auteur avait DÉJÀ barré la phrase (~~…~~) sans retirer le ⏳ : la moitié de la mise à jour était faite. Commit 84087
docs/44_ou_la_chaine_se_trouve.md	| **enchaîner des petits pas** | chaque pas repart de	faite	La piste a été implémentée (mode ENCHAINER=N de etendre_nappe.sh, décrit juste sous la table) puis mesurée deux fois : §« ⚠⚠ Enchaîner AIDE beaucoup — et ne suffit pas » (200 en deux fois 100 : 50,30 cm², 4 996 croisements, α +1,040, bord 56 % — « la surface reste posée en travers ») et §« Découper aide OU nuit » (100 en deux fois 50 : α +1,806). Chronologie : la cellule est posée par ab2b78c, les
docs/44_ou_la_chaine_se_trouve.md	Et la question la moins chère n'avait jamais été posée	ouverte	réfuté — Réfuté. La preuve invoquée s'appuie d'abord sur les trois points du balayage (1 → 12,96 / 3 → 13,01 / 10 → 12,98), or le document les disqualifie lui-même deux fois : la table les publie sous l'en-tête « réglage (ignoré)
docs/45_consistent_with_quantifie.md	transport vers une région sans vérité n'est pas encore	ouverte	Aucune preuve de réalisation trouvée, et le registre confirme que c'est toujours dû : docs/29_ce_qui_reste.md ligne 166 (item M7) porte le résidu identique — « ⏳ Reste : le transport vers une région sans vérité du **même** objet » — alors même que M7 est par ailleurs coché ✅ fait le 2026-08-22 → 45. Rien dans les documents postérieurs (46 à 56) ne mesure sur la surface d'un fragment ouvert puis re
docs/45_consistent_with_quantifie.md	le témoin négatif jeté par le pipeline	faite	M8 a été clos le jour même, par le commit SUIVANT celui qui a publié ce document : git log donne 54dfa15 (2026-08-22) « ⭐⭐ M7 : « consistent with » quantifie » = doc 45, puis 83fa630 (2026-08-22) « M8 et N4 : le temoin negatif » = doc 46. Le registre docs/29_ce_qui_reste.md ligne 167 acte « **M8** | ~~**le témoin jeté**~~ ✅ **fait le 2026-08-22** → 46 », et doc 46 ligne 6 confirme la filiation (« 
docs/46_le_temoin_negatif.md	L'instrument est réutilisable tel quel	ouverte	L'instrument existe mais n'a jamais été réappliqué à un second couple de cartes — aucune preuve de réutilisation trouvée. Le seul consommateur aval, src/graine/eligibilite_aval.py, n'importe que deux CONSTANTES (« from temoin_negatif import PART_MINIMALE_DU_POSITIF, SIGMA_MODELE_QUI_MARCHE ») et relit le JSON déjà produit ; sa propre docstring le dit : « ⚠⚠ Ce que ce fichier NE fait pas : il ne me
docs/55_les_murs_et_leurs_causes.md	nommée, pas encore testée	legende	C'est la ligne de légende du registre `docs/registres/murs_et_causes.tsv` qui explique le caractère lui-même, et aucune ligne de donnée ne l'emploie : la colonne verdict du registre ne contient que 19 « éliminée », 10 « confirmée » et 1 « bloquée » — zéro « ouverte » — ce qui recoupe l'en-tête rendu du document (« ❌ 19 éliminées · ✅ 10 confirmées · 🔒 1 bloquée »).
